{
  "best_threshold": 0.03804347826086956,
  "fp": 13922.0,
  "fn": 321.0,
  "tp": 1727.0,
  "fp_cost": 104415.0,
  "fn_fraud_loss": 29394.16,
  "fraud_prevented": 324144.98,
  "net_cost_lower_is_better": -190335.81999999998
}