{
  "valid_pr_auc": 0.3103024007801815,
  "test_pr_auc": 0.28811754846081994,
  "valid_recall_at_topk": 0.447265625,
  "test_recall_at_topk": 0.4230769230769231,
  "best_threshold_valid_cost": 0.060570987654320986,
  "threshold_report_valid": {
    "fp": 9914.0,
    "fn": 507.0,
    "tp": 1541.0,
    "fp_cost": 74355.0,
    "fn_fraud_loss": 26052.09,
    "fraud_prevented": 150717.48,
    "net_cost_lower_is_better": -50310.390000000014
  }
}