{
  "best_threshold": 0.05357142857142857,
  "fp": 10544.0,
  "fn": 476.0,
  "tp": 1572.0,
  "fp_cost": 79080.0,
  "fn_fraud_loss": 23182.049999999996,
  "fraud_prevented": 153587.52000000002,
  "net_cost_lower_is_better": -51325.47000000003
}