{
  "valid_pr_auc": 0.3103024007801815,
  "test_pr_auc": 0.28811754846081994,
  "valid_recall_at_topk": 0.3291015625,
  "test_recall_at_topk": 0.3224852071005917,
  "best_threshold_valid_cost": 0.12903225806451613,
  "threshold_report_valid": {
    "fp": 3241.0,
    "fn": 1065.0,
    "tp": 983.0,
    "fp_cost": 81025.0,
    "fn_fraud_loss": 69453.65,
    "fraud_prevented": 107315.92,
    "net_cost_lower_is_better": 43162.729999999996
  },
  "decisioning": {
    "fp_investigation_cost": 25.0,
    "alert_topk_per_day": 150,
    "fn_loss_multiplier": 1.0
  },
  "model_params": {
    "type": "hgbt",
    "learning_rate": 0.08,
    "max_depth": 6,
    "max_iter": 250
  }
}