{
  "best_threshold": 0.12903225806451613,
  "fp": 3241.0,
  "fn": 1065.0,
  "tp": 983.0,
  "fp_cost": 81025.0,
  "fn_fraud_loss": 69453.65,
  "fraud_prevented": 107315.92,
  "net_cost_lower_is_better": 43162.729999999996
}