{
  "valid_pr_auc": 0.3103024007801815,
  "test_pr_auc": 0.28811754846081994,
  "valid_recall_at_topk": 0.49462890625,
  "test_recall_at_topk": 0.46794871794871795,
  "best_threshold_valid_cost": 0.02139406487232574,
  "threshold_report_valid": {
    "fp": 22553.0,
    "fn": 78.0,
    "tp": 1970.0,
    "fp_cost": 45106.0,
    "fn_fraud_loss": 3149.29,
    "fraud_prevented": 173620.28,
    "net_cost_lower_is_better": -125364.98999999999
  },
  "decisioning": {
    "fp_investigation_cost": 2.0,
    "alert_topk_per_day": 300,
    "fn_loss_multiplier": 1.0
  },
  "model_params": {
    "type": "hgbt",
    "learning_rate": 0.08,
    "max_depth": 6,
    "max_iter": 250
  }
}