{
  "best_threshold": 0.02139406487232574,
  "fp": 22553.0,
  "fn": 78.0,
  "tp": 1970.0,
  "fp_cost": 45106.0,
  "fn_fraud_loss": 3149.29,
  "fraud_prevented": 173620.28,
  "net_cost_lower_is_better": -125364.98999999999
}